{"LP_timing": {"1": [0.0039997100830078125, 0.001969575881958008, 0.0019652843475341797, 0.0019669532775878906], "2": [0.0039751529693603516, 0.0019981861114501953, 0.0030126571655273438, 0.0020339488983154297], "3": [0.0029981136322021484, 0.0030031204223632812, 0.0019643306732177734, 0.002965211868286133], "4": [0.0030307769775390625, 0.0029642581939697266, 0.003002166748046875, 0.003999471664428711], "5": [0.0020380020141601562, 0.0029637813568115234, 0.003000497817993164, 0.0020287036895751953], "6": [0.00296783447265625, 0.0019998550415039062, 0.002965211868286133, 0.006964445114135742], "7": [0.0029981136322021484, 0.005995273590087891, 0.002995729446411133, 0.002964019775390625], "8": [0.0049664974212646484, 0.0059986114501953125, 0.005966663360595703, 0.00499725341796875], "9": [0.002984285354614258, 0.003943681716918945, 0.0049669742584228516, 0.0030007362365722656], "10": [0.005969047546386719, 0.003009796142578125, 0.007000446319580078, 0.0069637298583984375]}, "heu_timing": {"1": [0.0039997100830078125, 0.001969575881958008, 0.0019652843475341797, 0.0019669532775878906], "2": [0.0039751529693603516, 0.0019981861114501953, 0.0030126571655273438, 0.0020339488983154297], "3": [0.0029981136322021484, 0.0030031204223632812, 0.0019643306732177734, 0.002965211868286133], "4": [0.0030307769775390625, 0.0029642581939697266, 0.003002166748046875, 0.003999471664428711], "5": [0.0020380020141601562, 0.0029637813568115234, 0.003000497817993164, 0.0020287036895751953], "6": [0.00296783447265625, 0.0019998550415039062, 0.002965211868286133, 0.006964445114135742], "7": [0.0029981136322021484, 0.005995273590087891, 0.002995729446411133, 0.002964019775390625], "8": [0.0049664974212646484, 0.0059986114501953125, 0.005966663360595703, 0.00499725341796875], "9": [0.002984285354614258, 0.003943681716918945, 0.0049669742584228516, 0.0030007362365722656], "10": [0.005969047546386719, 0.003009796142578125, 0.007000446319580078, 0.0069637298583984375]}}